Job Description,Skill Set,Link
N/A,N/A,N/A
ASF Infrastructure Sysadmin,"['backend', 'devops', 'linux']",https://remoteOK.com/remote-jobs/remote-asf-infrastructure-sysadmin-the-apache-software-foundation-1092977
Back End Developer Winna.com,"['backend', 'engineer', 'javascript', 'full stack', 'node', 'crypto']",https://remoteOK.com/remote-jobs/remote-back-end-developer-winna-com-winna-1092973
Product Designer,"['design', 'defi', 'crypto', 'designer', 'technical', 'support', 'growth', 'ui', 'voice', 'leader', 'strategy', 'analytics', 'digital nomad']",https://remoteOK.com/remote-jobs/remote-product-designer-1inch-1092972
Sales Development Representative,"['defi', 'system', 'teach', 'growth', 'financial', 'investor', 'finance', 'fintech', 'marketing', 'sales']",https://remoteOK.com/remote-jobs/remote-sales-development-representative-heron-finance-1092971
Senior Product Designer,"['design', 'saas', '3d', 'designer', 'software', 'testing', 'web', 'senior', 'analytics', 'engineering', 'digital nomad']",https://remoteOK.com/remote-jobs/remote-senior-product-designer-doxel-1092970
Implementation Project Manager,"['saas', 'customer support', 'Client Onboarding', 'project management', 'Client Success']",https://remoteOK.com/remote-jobs/remote-implementation-project-manager-symplast-1092969
Customer Support Representative,"['saas', 'support', 'management', 'healthcare', 'recruiting']",https://remoteOK.com/remote-jobs/remote-customer-support-representative-anagram-1092968
Symplast Forms Specialist Patient Intake Customizations,"['data', 'saas', 'JSON', 'Visual Studio Code', 'REST API', 'Form Customization', 'Patient Intake', 'Healthcare Software', 'Medical Forms']",https://remoteOK.com/remote-jobs/remote-symplast-forms-specialist-patient-intake-customizations-symplast-1092967
Data Migration Specialist Data Import & Export,"['data', 'Data Import/Export', 'Data Integrity', 'saas', 'Patient Data', 'Data Validation']",https://remoteOK.com/remote-jobs/remote-data-migration-specialist-data-import-export-symplast-1092966
Data Research Intern,"['software', 'web', 'microsoft', 'management', 'operations', 'marketing', 'excel']",https://remoteOK.com/remote-jobs/remote-data-research-intern-rainfocus-1092964
Technical Consultant,"['other', 'data', 'consulting']",https://remoteOK.com/remote-jobs/remote-technical-consultant-contra-1092960
Influencer Marketing Manager,"['marketing', 'social media']",https://remoteOK.com/remote-jobs/remote-influencer-marketing-manager-contra-1092958
3D Logo Designer,['design'],https://remoteOK.com/remote-jobs/remote-3d-logo-designer-contra-1092955
Staff Software Engineer Metrics US,"['software', 'technical', 'support', 'developer', 'growth', 'c', 'cloud', 'lead', 'junior', 'analytics', 'engineer', 'engineering', 'full-time', 'digital nomad']",https://remoteOK.com/remote-jobs/remote-staff-software-engineer-metrics-us-weights-amp-biases-1092954
Kubernetes Engineer,"['system', 'security', 'docker', 'technical', 'support', 'developer', 'software', 'code', 'devops', 'serverless', 'cloud', 'api', 'junior', 'operations', 'operational', 'reliability', 'golang', 'health', 'engineer', 'digital nomad']",https://remoteOK.com/remote-jobs/remote-kubernetes-engineer-00100-leidos-inc-1092953
Guest Support Agent,['customer support'],https://remoteOK.com/remote-jobs/remote-guest-support-agent-hostgenius-1092947
Account Executive France,"['saas', 'growth', 'sales', 'health', 'executive']",https://remoteOK.com/remote-jobs/remote-account-executive-france-hostaway-1092946
Operator,"['system', 'technical', 'travel', 'operations', 'operational', 'recruitment', 'full-time']",https://remoteOK.com/remote-jobs/remote-operator-einride-1092945
High School Humanities Expert within U.S,"['design', 'teaching', 'students', 'support', 'software', 'test', 'financial', 'video', 'education', 'lead', 'content', 'go', 'healthcare', 'educational', 'full-time', 'digital nomad']",https://remoteOK.com/remote-jobs/remote-high-school-humanities-expert-within-u-s-sora-schools-1092944
Customer Support Specialist French &amp; German Speaking from France,"['saas', 'technical', 'support', 'growth', 'voice', 'management', 'sales']",https://remoteOK.com/remote-jobs/remote-customer-support-specialist-french-amp-german-speaking-from-france-aircall-1092943
Product Marketing Manager,"['manager', 'training', 'test', 'education', 'investment', 'management', 'lead', 'marketing', 'go', 'health', 'non tech']",https://remoteOK.com/remote-jobs/remote-product-marketing-manager-alltrails-1092942
Tech Lead Data,"['design', 'security', 'training', 'technical', 'support', 'testing', 'growth', 'code', 'scrum', 'education', 'strategy', 'management', 'lead', 'health', 'engineering', 'digital nomad']",https://remoteOK.com/remote-jobs/remote-tech-lead-data-zensurance-1092941
Senior Software Engineer,"['dev', 'software', 'design', 'react', 'frontend', 'training', 'consulting', 'technical', 'ux', 'code', 'web', 'scrum', 'devops', 'javascript', 'cloud', 'microsoft', 'mobile', 'management', 'lead', 'senior', 'healthcare', 'engineer', 'engineering', 'backend', 'digital nomad']",https://remoteOK.com/remote-jobs/remote-senior-software-engineer-emergent-software-1092940
Senior Product Designer Europe,"['design', 'saas', 'front-end', 'designer', 'technical', 'testing', 'growth', 'ui', 'ux', 'web', 'mobile', 'strategy', 'lead', 'senior', 'analytics', 'health', 'digital nomad']",https://remoteOK.com/remote-jobs/remote-senior-product-designer-europe-hostaway-1092939
Norwegian Content Creator,['content'],https://remoteOK.com/remote-jobs/remote-norwegian-content-creator-transperfect-1092938
Engagement Manager Professional Services CST,"['manager', 'saas', 'system', 'software', 'web', 'financial', 'cloud', 'api', 'management', 'lead', 'content', 'operational', 'sales', 'healthcare', 'executive']",https://remoteOK.com/remote-jobs/remote-engagement-manager-professional-services-cst-kong-1092937
Sales Development Representative,"['support', 'test', 'growth', 'education', 'leader', 'management', 'lead', 'marketing', 'sales', 'executive']",https://remoteOK.com/remote-jobs/remote-sales-development-representative-dscout-1092936
Full Stack Developer,"['developer', 'design', 'saas', 'front-end', 'full-stack', 'architect', 'software', 'travel', 'javascript', 'api', 'management', 'lead', 'marketing', 'digital nomad']",https://remoteOK.com/remote-jobs/remote-full-stack-developer-rainfocus-1092935
Senior Experience Designer,"['design', 'designer', 'technical', 'recruiter', 'developer', 'software', 'ui', 'ux', 'javascript', 'education', 'math', 'leader', 'senior', 'marketing', 'excel', 'health', 'recruitment', 'branding', 'digital nomad']",https://remoteOK.com/remote-jobs/remote-senior-experience-designer-age-of-learning-1092934
Live English Transcriptionist,"['transcribe', 'transcription', 'test', 'speech', 'part-time']",https://remoteOK.com/remote-jobs/remote-live-english-transcriptionist-transperfect-1092933
Head of Product Design,"['design', 'crypto', 'ceo', 'support', 'ux', 'manager', 'financial', 'fintech', 'leader', 'strategy', 'management', 'marketing', 'analytics', 'engineering', 'digital nomad']",https://remoteOK.com/remote-jobs/remote-head-of-product-design-notabene-1092930
Head of Customer Growth Americas,"['growth', 'web3', 'crypto', 'ethereum', 'game', 'gaming', 'consulting', 'technical', 'support', 'investment', 'banking', 'leader', 'management', 'health', 'recruitment', 'executive']",https://remoteOK.com/remote-jobs/remote-head-of-customer-growth-americas-immutable-1092929
BACKEND AND INFRA ENGINEER,"['engineer', 'backend', 'python']",https://remoteOK.com/remote-jobs/remote-backend-and-infra-engineer-the-biz-conquest-1092927
Junior Accountant,"['accounting', 'full time']",https://remoteOK.com/remote-jobs/remote-junior-accountant-the-joseph-group-1092924
Business Development Lead,"['crypto', 'cryptocurrency', 'security', 'architect', 'growth', 'voice', 'financial', 'finance', 'bank', 'lead', 'marketing', 'legal', 'sales']",https://remoteOK.com/remote-jobs/remote-business-development-lead-anchorage-digital-1092922
Marketing Manager,['marketing'],https://remoteOK.com/remote-jobs/remote-marketing-manager-weber-co-1092920
Javascript Fullstack Engineer Senior,"['dev', 'engineer', 'javascript']",https://remoteOK.com/remote-jobs/remote-javascript-fullstack-engineer-senior-lumenalta-1092919
Senior Software Engineer,"['engineer', 'dev', 'javascript', 'full stack', 'python', 'typescript', 'next', 'ml']",https://remoteOK.com/remote-jobs/remote-senior-software-engineer-slidespeak-ai-1092917
Senior Frontend Developer,"['front end', 'javascript', 'typescript', 'react', 'node', 'amazon']",https://remoteOK.com/remote-jobs/remote-senior-frontend-developer-bitrefill-1092916
Analytics Manager,"['manager', 'web3', 'python', 'consulting', 'consultancy', 'technical', 'growth', 'web', 'cloud', 'scala', 'management', 'lead', 'junior', 'operations', 'marketing', 'analytics', 'legal', 'go']",https://remoteOK.com/remote-jobs/remote-analytics-manager-serotonin-1092915
Senior Full Stack Software Engineer,"['software', 'crypto', 'bitcoin', 'front-end', 'security', 'full-stack', 'docker', 'technical', 'support', 'developer', 'growth', 'code', 'financial', 'git', 'leader', 'strategy', 'management', 'senior', 'junior', 'health', 'engineer', 'engineering', 'linux', 'backend', 'digital nomad']",https://remoteOK.com/remote-jobs/remote-senior-full-stack-software-engineer-cleanspark-1092914
Creative E Commerce Assistant,"['marketing', 'shopify', 'ecommerce']",https://remoteOK.com/remote-jobs/remote-creative-e-commerce-assistant-reused-ai-1092913
Full Stack Engineer,"['pyton', 'django', 'javascript', 'react', 'full stack', 'engineer', 'python', 'dev']",https://remoteOK.com/remote-jobs/remote-full-stack-engineer-stealth-1092912
Technical Marketing Manager,"['manager', 'web3', 'defi', 'technical', 'developer', 'leader', 'strategy', 'management', 'lead', 'content', 'marketing', 'engineering', 'digital nomad']",https://remoteOK.com/remote-jobs/remote-technical-marketing-manager-sei-labs-1092906
Full stack Ruby on Rails engineer Earn equity,"['dev', 'full stack', 'ruby', 'shopify']",https://remoteOK.com/remote-jobs/remote-full-stack-ruby-on-rails-engineer-earn-equity-zipchat-1092901
Developer Relations Advocate,"['developer', 'web3', 'defi', 'technical', 'leader', 'strategy', 'management', 'lead', 'content', 'marketing', 'engineering', 'digital nomad']",https://remoteOK.com/remote-jobs/remote-developer-relations-advocate-sei-labs-1092881
Staff Full Stack Software Engineer,"['software', 'design', 'react', 'back-end', 'security', 'full-stack', 'support', 'growth', 'web', 'scrum', 'javascript', 'finance', 'financial', 'fintech', 'banking', 'cloud', 'reliability', 'health', 'engineer', 'engineering', 'backend', 'digital nomad']",https://remoteOK.com/remote-jobs/remote-staff-full-stack-software-engineer-greenlight-financial-technology-1092760
DevOps Developer,"['developer', 'technical', 'support', 'software', 'testing', 'growth', 'code', 'web', 'qa', 'devops', 'cloud', 'operational', 'reliability', 'engineering', 'digital nomad']",https://remoteOK.com/remote-jobs/remote-devops-developer-spiria-1092759
Software Development Engineer I,"['software', 'amazon', 'react', 'system', 'front-end', 'training', 'docker', 'developer', 'web', 'mysql', 'typescript', 'leader', 'sales', 'engineer', 'engineering', 'backend', 'digital nomad']",https://remoteOK.com/remote-jobs/remote-software-development-engineer-i-mindtickle-1092645
Web3 Digital Marketing Specialist,"['web3', 'design', 'technical', 'growth', 'manager', 'financial', 'seo', 'management', 'lead', 'content', 'marketing', 'digital nomad']",https://remoteOK.com/remote-jobs/remote-web3-digital-marketing-specialist-somnia-1092409
Campaigns Director,"['director', 'design', 'support', 'education', 'strategy', 'management', 'lead', 'digital nomad']",https://remoteOK.com/remote-jobs/remote-campaigns-director-indivisible-1092356
Senior Software Engineer Kube Team,"['golang', 'software', 'senior', 'engineer']",https://remoteOK.com/remote-jobs/remote-senior-software-engineer-kube-team-cast-ai-1092230
Senior Software Engineer OMNI,"['golang', 'software', 'senior', 'engineer']",https://remoteOK.com/remote-jobs/remote-senior-software-engineer-omni-cast-ai-1092221
Senior Software Engineer,"['golang', 'software', 'senior', 'engineer']",https://remoteOK.com/remote-jobs/remote-senior-software-engineer-cast-ai-1092213
Senior Software Engineer Security Team,"['golang', 'security', 'software', 'senior', 'engineer']",https://remoteOK.com/remote-jobs/remote-senior-software-engineer-security-team-cast-ai-1092205
Associate Product Owner,"['technical', 'software', 'testing', 'financial', 'banking', 'senior', 'engineering']",https://remoteOK.com/remote-jobs/remote-associate-product-owner-automatiq-1092150
Engineering Manager,"['manager', 'web3', 'crypto', 'react', 'training', 'technical', 'recruiter', 'support', 'software', 'growth', 'voice', 'video', 'cloud', 'typescript', 'management', 'lead', 'senior', 'engineer', 'engineering', 'backend']",https://remoteOK.com/remote-jobs/remote-engineering-manager-moonpay-1092134
VP of Marketing,"['leader', 'management', 'marketing', 'analytics', 'health', 'executive', 'non tech']",https://remoteOK.com/remote-jobs/remote-vp-of-marketing-wisecode-1092073
Senior Mobile Developer,"['senior', 'dev', 'react native', 'mobile', 'mobiledev', 'iOS', 'android']",https://remoteOK.com/remote-jobs/remote-senior-mobile-developer-headway-1092035
Senior Software Engineer Wire Team,"['golang', 'software', 'senior', 'engineer']",https://remoteOK.com/remote-jobs/remote-senior-software-engineer-wire-team-cast-ai-1092013
Full Stack Web Developer,"['dev', 'backend', 'full stack', 'api', 'full time']",https://remoteOK.com/remote-jobs/remote-full-stack-web-developer-jdcld-trading-1091758
Compliance Officer,['legal'],https://remoteOK.com/remote-jobs/remote-compliance-officer-bigverse-1091594
Data Science Intern,"['python', 'support', 'software', 'analytics']",https://remoteOK.com/remote-jobs/remote-data-science-intern-portcast-1091570
Full Stack Developer Intern,"['developer', 'design', 'saas', 'front-end', 'back-end', 'python', 'django', 'software', 'web', 'sales', 'digital nomad']",https://remoteOK.com/remote-jobs/remote-full-stack-developer-intern-portcast-1091562
Software Engineer,"['software', 'design', 'amazon', 'system', 'code', 'web', 'devops', 'education', 'cloud', 'nosql', 'api', 'microsoft', 'management', 'engineer', 'digital nomad']",https://remoteOK.com/remote-jobs/remote-software-engineer-pryon-1091462
Web3 Core Engineer,"['web3', 'defi', 'crypto', 'cryptocurrency', 'front-end', 'ceo', 'software', 'web', 'javascript', 'c++', 'typescript', 'ads', 'senior', 'engineer', 'engineering', 'backend']",https://remoteOK.com/remote-jobs/remote-web3-core-engineer-brave-1091430
Senior DevOps Engineer,"['ethereum', 'security', 'docker', 'support', 'growth', 'code', 'devops', 'cloud', 'lead', 'senior', 'health', 'engineer', 'full-time']",https://remoteOK.com/remote-jobs/remote-senior-devops-engineer-cow-dao-1091414
Admin Assistant,"['other', 'non tech']",https://remoteOK.com/remote-jobs/remote-admin-assistant-corbel-property-mgmt-1091304
Senior Pre Sales Solution Engineer Northeast,"['design', 'security', 'technical', 'support', 'growth', 'voice', 'cloud', 'microsoft', 'leader', 'management', 'content', 'senior', 'sales', 'engineer', 'executive', 'digital nomad']",https://remoteOK.com/remote-jobs/remote-senior-pre-sales-solution-engineer-northeast-strongdm-1091259
Lead Machine Learning Engineer,"['python', 'training', 'testing', 'growth', 'assistant', 'lead', 'health', 'healthcare', 'engineer']",https://remoteOK.com/remote-jobs/remote-lead-machine-learning-engineer-wizard-1091053
Hygraph Talent Pool Berlin,"['design', 'digital nomad']",https://remoteOK.com/remote-jobs/remote-hygraph-talent-pool-berlin-hygraph-1091015
Dutch Content Creator,['content'],https://remoteOK.com/remote-jobs/remote-dutch-content-creator-transperfect-1091014
Swedish Content Creator,['content'],https://remoteOK.com/remote-jobs/remote-swedish-content-creator-transperfect-1091013
GenAI Lead,"['full-stack', 'support', 'software', 'test', 'growth', 'code', 'education', 'leader', 'lead', 'content', 'senior']",https://remoteOK.com/remote-jobs/remote-genai-lead-dscout-1091012
Sales Development Representative,"['saas', 'accounting', 'video', 'sales', 'health', 'healthcare']",https://remoteOK.com/remote-jobs/remote-sales-development-representative-proper-1091011
Senior Data Engineer,"['python', 'training', 'technical', 'support', 'software', 'test', 'education', 'investment', 'git', 'senior', 'legal', 'go', 'health', 'engineer', 'apache']",https://remoteOK.com/remote-jobs/remote-senior-data-engineer-alltrails-1091010
Sales Engineer,"['technical', 'software', 'marketing', 'sales', 'engineer', 'ecommerce']",https://remoteOK.com/remote-jobs/remote-sales-engineer-tameson-1091009
Marketing Manager Web,"['web', 'manager', 'training', 'support', 'testing', 'test', 'management', 'lead', 'content', 'marketing', 'non tech']",https://remoteOK.com/remote-jobs/remote-marketing-manager-web-huckleberry-labs-1091008
Social Media & Content Specialist,"['design', 'hr', 'support', 'travel', 'voice', 'strategy', 'content', 'marketing', 'digital nomad']",https://remoteOK.com/remote-jobs/remote-social-media-content-specialist-innovation-roundtable-aps-1091007
T1 Customer Support Specialist Uplisting,"['training', 'support', 'growth', 'travel', 'manager', 'education', 'analytics']",https://remoteOK.com/remote-jobs/remote-t1-customer-support-specialist-uplisting-airdna-1090945
Research Intern,"['vfx', 'design', '3d', 'students', 'software', 'investment', 'leader', 'content', 'go', 'engineer', 'internship', 'digital nomad']",https://remoteOK.com/remote-jobs/remote-research-intern-scanline-vfx-1090922
Keyframe Animator UK based,"['vfx', 'game', 'supervisor', 'director', 'video', 'animator', 'animation', 'non tech']",https://remoteOK.com/remote-jobs/remote-keyframe-animator-uk-based-blur-studio-1090914
Tech Lead Flow Wallet,"['web3', 'security', 'technical', 'support', 'software', 'lead', 'go', 'recruiting', 'engineering']",https://remoteOK.com/remote-jobs/remote-tech-lead-flow-wallet-flow-foundation-1090862
Marketing Coordinator,"['teacher', 'coordinator', 'support', 'growth', 'manager', 'education', 'microsoft', 'strategy', 'management', 'lead', 'marketing', 'sales']",https://remoteOK.com/remote-jobs/remote-marketing-coordinator-colibri-group-1090846
Business Development Representative,"['support', 'financial', 'sales']",https://remoteOK.com/remote-jobs/remote-business-development-representative-heard-1090845
Marketing Strategist,"['saas', 'technical', 'strategist', 'management', 'content', 'marketing', 'analytics', 'branding']",https://remoteOK.com/remote-jobs/remote-marketing-strategist-onelocal-1090844
Product Design Lead Flow Wallet,"['design', 'web3', 'support', 'software', 'lead', 'go', 'recruiting', 'digital nomad']",https://remoteOK.com/remote-jobs/remote-product-design-lead-flow-wallet-flow-foundation-1090829
Client Success Manager,"['customer support', 'sales']",https://remoteOK.com/remote-jobs/remote-client-success-manager-symplast-1090659
OTC Trader Portugal,"['crypto', 'cryptocurrency', 'security', 'python', 'technical', 'growth', 'code', 'voice', 'financial', 'finance', 'bank', 'management', 'junior', 'legal']",https://remoteOK.com/remote-jobs/remote-otc-trader-portugal-anchorage-digital-1090644
Staff Cloud Security Engineer,"['security', 'design', 'saas', 'system', 'training', 'technical', 'code', 'travel', 'serverless', 'cloud', 'leader', 'management', 'lead', 'health', 'healthcare', 'engineer', 'engineering', 'digital nomad']",https://remoteOK.com/remote-jobs/remote-staff-cloud-security-engineer-ro-1090483
Senior Web Designer,"['web', 'design', 'defi', 'system', 'designer', 'testing', 'growth', 'ux', 'javascript', 'financial', 'investment', 'lead', 'senior', 'marketing', 'digital nomad']",https://remoteOK.com/remote-jobs/remote-senior-web-designer-serotonin-1090287
Customer Support Specialist,"['support', 'video', 'ads', 'mobile', 'go', 'part-time', 'non tech']",https://remoteOK.com/remote-jobs/remote-customer-support-specialist-marco-polo-1090209
Senior Backend Engineer,"['design', 'web3', 'nft', 'support', 'developer', 'software', 'code', 'web', 'senior', 'reliability', 'engineer', 'backend', 'digital nomad']",https://remoteOK.com/remote-jobs/remote-senior-backend-engineer-rarible-1090185
Business Development Manager,"['manager', 'defi', 'crypto', 'technical', 'support', 'growth', 'travel', 'lead', 'sales']",https://remoteOK.com/remote-jobs/remote-business-development-manager-bloxroute-labs-1090121
Web UI Engineer HFT Crypto Options Trading,"['crypto', 'ui', 'web', 'cryptocurrency', 'support', 'growth', 'financial', 'c++', 'management', 'engineer']",https://remoteOK.com/remote-jobs/remote-web-ui-engineer-hft-crypto-options-trading-auros-1090120
Senior Software Implementation Engineer,"['software', 'consulting', 'technical', 'support', 'code', 'financial', 'banking', 'cloud', 'management', 'lead', 'senior', 'junior', 'operations', 'engineer']",https://remoteOK.com/remote-jobs/remote-senior-software-implementation-engineer-lumin-digital-1089999
Machine Learning Implementation Engineer,"['design', 'python', 'technical', 'support', 'code', 'travel', 'javascript', 'strategy', 'health', 'engineer', 'engineering', 'digital nomad']",https://remoteOK.com/remote-jobs/remote-machine-learning-implementation-engineer-offerfit-1089998
Research Engineer AI for Sustainability,"['training', 'technical', 'recruiter', 'software', 'lead', 'engineer', 'engineering', 'full-time']",https://remoteOK.com/remote-jobs/remote-research-engineer-ai-for-sustainability-deepmind-1089958
